label,value,slug ,optionType
Academic Counsellor,academic counsellor,academic-counsellor,job_title
Accessibility Specialist,accessibility specialist,accessibility-specialist,job_title
Accountant,accountant,accountant,job_title
Accounting Analyst,accounting analyst,accounting-analyst,job_title
Accounting Assistant,accounting assistant,accounting-assistant,job_title
Accounting Clerk,accounting clerk,accounting-clerk,job_title
Accounting Director,accounting director,accounting-director,job_title
Accounts Analyst,accounts analyst,accounts-analyst,job_title
Accounts Associate,accounts associate,accounts-associate,job_title
Accounts Auditor,accounts auditor,accounts-auditor,job_title
Accounts Consultant,accounts consultant,accounts-consultant,job_title
Accounts Executive,accounts executive,accounts-executive,job_title
Accounts Faculty,accounts faculty,accounts-faculty,job_title
Accounts Manager,accounts manager,accounts-manager,job_title
Accounts Officer,accounts officer,accounts-officer,job_title
Accounts Supervisor,accounts supervisor,accounts-supervisor,job_title
Administrative Analyst,administrative analyst,administrative-analyst,job_title
Administrative Assistant,administrative assistant,administrative-assistant,job_title
Administrative Coordinator,administrative coordinator,administrative-coordinator,job_title
Administrative Manager,administrative manager,administrative-manager,job_title
Administrative Specialist,administrative specialist,administrative-specialist,job_title
Administrator,administrator,administrator,job_title
AEM Developer,aem developer,aem-developer,job_title
Aeronautical Engineer,aeronautical engineer,aeronautical-engineer,job_title
Aerospace Engineer,aerospace engineer,aerospace-engineer,job_title
Agile Project Manager,agile project manager,agile-project-manager,job_title
Agriculture Engineer,agriculture engineer,agriculture-engineer,job_title
Agriculture Field Officer,agriculture field officer,agriculture-field-officer,job_title
Aircraft Maintenance Engineer,aircraft maintenance engineer,aircraft-maintenance-engineer,job_title
Aircraft Technician,aircraft technician,aircraft-technician,job_title
Anaesthetic Technician,anaesthetic technician,anaesthetic-technician,job_title
Analyst,analyst,analyst,job_title
Android Developer,android developer,android-developer,job_title
Ansible Automation Engineer,ansible automation engineer,ansible-automation-engineer,job_title
Ansible Operations Engineer,ansible operations engineer,ansible-operations-engineer,job_title
API Lead Designer,api lead designer,api-lead-designer,job_title
AppDynamics Engineer,appdynamics engineer,appdynamics-engineer,job_title
Application Developer,application developer,application-developer,job_title
Application Development Analyst,application development analyst,application-development-analyst,job_title
Application Engineer,application engineer,application-engineer,job_title
Application Security Engineer,application security engineer,application-security-engineer,job_title
AR Caller,ar caller,ar-caller,job_title
Architect,architect,architect,job_title
Area Manager,area manager,area-manager,job_title
Area Sales Manager,area sales manager,area-sales-manager,job_title
Art Director,art director,art-director,job_title
Art Teacher,art teacher,art-teacher,job_title
Artifactory Administrator,artifactory administrator,artifactory-administrator,job_title
Artifactory Engineer,artifactory engineer,artifactory-engineer,job_title
Artificial intelligence Architect,artificial intelligence architect,artificial-intelligence-architect,job_title
Artificial Intelligence Engineer,artificial intelligence engineer,artificial-intelligence-engineer,job_title
Artificial intelligence or Machine Learning Engineer,artificial intelligence or machine learning engineer,artificial-intelligence-or-machine-learning-engineer,job_title
Artificial Intelligence or Machine Learning Leader,artificial intelligence or machine learning leader,artificial-intelligence-or-machine-learning-leader,job_title
Artificial Intelligence Researcher,artificial intelligence researcher,artificial-intelligence-researcher,job_title
Artist,artist,artist,job_title
Assistant,assistant,assistant,job_title
Assistant Engineer,assistant engineer,assistant-engineer,job_title
Assistant Front Office Manager,assistant front office manager,assistant-front-office-manager,job_title
Assistant Manager,assistant manager,assistant-manager,job_title
Assistant Professor,assistant professor,assistant-professor,job_title
Assistant Registrar,assistant registrar,assistant-registrar,job_title
Assistant Restaurant Manager,assistant restaurant manager,assistant-restaurant-manager,job_title
Associate,associate,associate,job_title
Associate Analyst,associate analyst,associate-analyst,job_title
Associate Product Manager,associate product manager,associate-product-manager,job_title
Associate Professor,associate professor,associate-professor,job_title
Astronomer,astronomer,astronomer,job_title
Atmospheric Scientist,atmospheric scientist,atmospheric-scientist,job_title
Attorney,attorney,attorney,job_title
Auditing Clerk,auditing clerk,auditing-clerk,job_title
Auditor,auditor,auditor,job_title
Auto Electrician,auto electrician,auto-electrician,job_title
Automation Engineer,automation engineer,automation-engineer,job_title
Automation Tester,automation tester,automation-tester,job_title
Automobile Engineer,automobile engineer,automobile-engineer,job_title
Automotive Technician,automotive technician,automotive-technician,job_title
AWS Cloud Architect,aws cloud architect,aws-cloud-architect,job_title
AWS DevOps Engineer,aws devops engineer,aws-devops-engineer,job_title
AWS Engineer,aws engineer,aws-engineer,job_title
AWS Solutions Architect,aws solutions architect,aws-solutions-architect,job_title
Azure Developer,azure developer,azure-developer,job_title
Azure DevOps Engineer,azure devops engineer,azure-devops-engineer,job_title
B2B Sales Specialist,b2b sales specialist,b2b-sales-specialist,job_title
Academic Coordinator,academic coordinator,academic-coordinator,job_title
Back End Developer,back end developer,back-end-developer,job_title
Back Office Executive,back office executive,back-office-executive,job_title
Backend Developer,backend developer,backend-developer,job_title
Bamboo Engineer,bamboo engineer,bamboo-engineer,job_title
Bank Manager,bank manager,bank-manager,job_title
Banking Officer,banking officer,banking-officer,job_title
Big Data Admin,big data admin,big-data-admin,job_title
Big Data Architect,big data architect,big-data-architect,job_title
Big Data Developer,big data developer,big-data-developer,job_title
Big Data Engineer,big data engineer,big-data-engineer,job_title
Big Data Specialist,big data specialist,big-data-specialist,job_title
Billing Engineer,billing engineer,billing-engineer,job_title
Biological Engineer,biological engineer,biological-engineer,job_title
Biology Teacher,biology teacher,biology-teacher,job_title
Biomedical Engineer,biomedical engineer,biomedical-engineer,job_title
Biostatistician,biostatistician,biostatistician,job_title
Bitbucket Engineer,bitbucket engineer,bitbucket-engineer,job_title
Blockchain Developer,blockchain developer,blockchain-developer,job_title
BMS Operator,bms operator,bms-operator,job_title
Board of Directors,board of directors,board-of-directors,job_title
Boiler Attendant,boiler attendant,boiler-attendant,job_title
Boiler Engineer,boiler engineer,boiler-engineer,job_title
Boiler Operation Engineer,boiler operation engineer,boiler-operation-engineer,job_title
Boiler Operator,boiler operator,boiler-operator,job_title
Bookkeeper,bookkeeper,bookkeeper,job_title
Branch Manager,branch manager,branch-manager,job_title
Brand Ambassador,brand ambassador,brand-ambassador,job_title
Brand Manager,brand manager,brand-manager,job_title
Brand Strategist,brand strategist,brand-strategist,job_title
Broadcast Engineer,broadcast engineer,broadcast-engineer,job_title
Budget Analyst,budget analyst,budget-analyst,job_title
Build and Release Engineer,build and release engineer,build-and-release-engineer,job_title
Build Engineer,build engineer,build-engineer,job_title
Building Manager,building manager,building-manager,job_title
Business Analyst,business analyst,business-analyst,job_title
Business Associate,business associate,business-associate,job_title
Business Consultant,business consultant,business-consultant,job_title
Business Development Executive,business development executive,business-development-executive,job_title
Business Development Manager,business development manager,business-development-manager,job_title
Business Development Representative,business development representative,business-development-representative,job_title
Business Executive,business executive,business-executive,job_title
Business intelligence developer,business intelligence developer,business-intelligence-developer,job_title
Business Manager,business manager,business-manager,job_title
Business Operations Manager,business operations manager,business-operations-manager,job_title
Business Systems Analyst,business systems analyst,business-systems-analyst,job_title
C-Level or C-Suite.,c-level or c-suite.,c-level-or-c-suite.,job_title
C# Developer,c# developer,c#-developer,job_title
CAD Designer,cad designer,cad-designer,job_title
CAD Engineer,cad engineer,cad-engineer,job_title
Call Center Director,call center director,call-center-director,job_title
Call Center Manager,call center manager,call-center-manager,job_title
Call Center Representative,call center representative,call-center-representative,job_title
Call Center Supervisor,call center supervisor,call-center-supervisor,job_title
Camera Operator,camera operator,camera-operator,job_title
Campaign Manager,campaign manager,campaign-manager,job_title
Cardiac Technician,cardiac technician,cardiac-technician,job_title
CCO - Chief Customer Officer,cco - chief customer officer,cco---chief-customer-officer,job_title
CDO - Chief Data Officer,cdo - chief data officer,cdo---chief-data-officer,job_title
CEO - Chief Executive Officer,ceo - chief executive officer,ceo---chief-executive-officer,job_title
CFO - Chief Financial Officer,cfo - chief financial officer,cfo---chief-financial-officer,job_title
Chartered Accountant,chartered accountant,chartered-accountant,job_title
Chat Agent,chat agent,chat-agent,job_title
Chef InSpec Engineer,chef inspec engineer,chef-inspec-engineer,job_title
Chef Operations Engineer,chef operations engineer,chef-operations-engineer,job_title
Chemical Engineer,chemical engineer,chemical-engineer,job_title
Chemistry Lecturer,chemistry lecturer,chemistry-lecturer,job_title
Chemistry Teacher,chemistry teacher,chemistry-teacher,job_title
Chief Compliance Officer,chief compliance officer,chief-compliance-officer,job_title
Chief Culture Officer,chief culture officer,chief-culture-officer,job_title
Chief Diversity Officer,chief diversity officer,chief-diversity-officer,job_title
Chief Engineer,chief engineer,chief-engineer,job_title
Chief Information Security Officer,chief information security officer,chief-information-security-officer,job_title
Chief People Officer,chief people officer,chief-people-officer,job_title
Chief Robot Whisperer,chief robot whisperer,chief-robot-whisperer,job_title
CHRO - Chief Human Resources Officer,chro - chief human resources officer,chro---chief-human-resources-officer,job_title
CIO - Chief Information Officer,cio - chief information officer,cio---chief-information-officer,job_title
Civil Design Engineer,civil design engineer,civil-design-engineer,job_title
Civil Engineer,civil engineer,civil-engineer,job_title
Civil Foreman,civil foreman,civil-foreman,job_title
Civil Site Engineer,civil site engineer,civil-site-engineer,job_title
Civil Structural Engineer,civil structural engineer,civil-structural-engineer,job_title
Claims Associate,claims associate,claims-associate,job_title
Client Service Specialist,client service specialist,client-service-specialist,job_title
Clinical Data Manager,clinical data manager,clinical-data-manager,job_title
Clinical Pharmacist,clinical pharmacist,clinical-pharmacist,job_title
Clinical Psychologist,clinical psychologist,clinical-psychologist,job_title
Clinical Research Associate,clinical research associate,clinical-research-associate,job_title
Clinical Researcher,clinical researcher,clinical-researcher,job_title
Clinical SAS Programmer,clinical sas programmer,clinical-sas-programmer,job_title
Cloud administrator,cloud administrator,cloud-administrator,job_title
Cloud Architect,cloud architect,cloud-architect,job_title
Cloud automation engineer,cloud automation engineer,cloud-automation-engineer,job_title
Cloud Engineer,cloud engineer,cloud-engineer,job_title
Cloud network engineer,cloud network engineer,cloud-network-engineer,job_title
Cloud Security Engineer,cloud security engineer,cloud-security-engineer,job_title
CMO - Chief Marketing Officer,cmo - chief marketing officer,cmo---chief-marketing-officer,job_title
CNC Machine Operator,cnc machine operator,cnc-machine-operator,job_title
CNC Machinist,cnc machinist,cnc-machinist,job_title
CNC Operator,cnc operator,cnc-operator,job_title
CNC Programmer,cnc programmer,cnc-programmer,job_title
Coating Inspector,coating inspector,coating-inspector,job_title
Coder,coder,coder,job_title
Collection Executive,collection executive,collection-executive,job_title
Collection Manager,collection manager,collection-manager,job_title
Collection Officer,collection officer,collection-officer,job_title
Commercial Banking specialist,commercial banking specialist,commercial-banking-specialist,job_title
Commercial Loan Officer,commercial loan officer,commercial-loan-officer,job_title
Communications Director,communications director,communications-director,job_title
Communications Manager,communications manager,communications-manager,job_title
Communications Specialist,communications specialist,communications-specialist,job_title
Community Manager,community manager,community-manager,job_title
Compliance Specialist,compliance specialist,compliance-specialist,job_title
Component Engineer,component engineer,component-engineer,job_title
Computer Animator,computer animator,computer-animator,job_title
Computer Engineer,computer engineer,computer-engineer,job_title
Computer Graphics Animator,computer graphics animator,computer-graphics-animator,job_title
Computer Hardware Engineer,computer hardware engineer,computer-hardware-engineer,job_title
Computer Instructor,computer instructor,computer-instructor,job_title
Computer Network Architect,computer network architect,computer-network-architect,job_title
Computer Operator,computer operator,computer-operator,job_title
Computer Programmer,computer programmer,computer-programmer,job_title
Computer Research Scientist,computer research scientist,computer-research-scientist,job_title
Computer Science Engineer,computer science engineer,computer-science-engineer,job_title
Computer Science Teacher,computer science teacher,computer-science-teacher,job_title
Computer Scientist,computer scientist,computer-scientist,job_title
Computer Systems Analyst,computer systems analyst,computer-systems-analyst,job_title
Computer Technician,computer technician,computer-technician,job_title
Confluence Engineer,confluence engineer,confluence-engineer,job_title
Conservation Scientist,conservation scientist,conservation-scientist,job_title
Construction Site Supervisor,construction site supervisor,construction-site-supervisor,job_title
Construction Supervisor,construction supervisor,construction-supervisor,job_title
Consul Engineer,consul engineer,consul-engineer,job_title
Consultant,consultant,consultant,job_title
Content Creator,content creator,content-creator,job_title
Content Marketing Manager,content marketing manager,content-marketing-manager,job_title
Content Writer,content writer,content-writer,job_title
Continuous Improvement Consultant,continuous improvement consultant,continuous-improvement-consultant,job_title
Continuous Improvement Lead,continuous improvement lead,continuous-improvement-lead,job_title
Contract Administrator,contract administrator,contract-administrator,job_title
Controller,controller,controller,job_title
COO - Chief Operating Officer,coo - chief operating officer,coo---chief-operating-officer,job_title
Copy Editor,copy editor,copy-editor,job_title
Corporate Banking specialist,corporate banking specialist,corporate-banking-specialist,job_title
Corporate Lawyer,corporate lawyer,corporate-lawyer,job_title
Cost Accountant,cost accountant,cost-accountant,job_title
Counselor,counselor,counselor,job_title
Coverage.py Engineer,coverage.py engineer,coverage.py-engineer,job_title
CPA - Certified Public Accountant,cpa - certified public accountant,cpa---certified-public-accountant,job_title
CPO - Chief Product Officer,cpo - chief product officer,cpo---chief-product-officer,job_title
Creative Director,creative director,creative-director,job_title
Credit Analyst,credit analyst,credit-analyst,job_title
Credit Counselor,credit counselor,credit-counselor,job_title
Credit Manager,credit manager,credit-manager,job_title
Credit Officer,credit officer,credit-officer,job_title
Crew Member,crew member,crew-member,job_title
CSSD Technician,cssd technician,cssd-technician,job_title
CTO - Chief Technology Officer,cto - chief technology officer,cto---chief-technology-officer,job_title
Culture Operations Manager,culture operations manager,culture-operations-manager,job_title
Customer Care Associate,customer care associate,customer-care-associate,job_title
Customer Care Executive,customer care executive,customer-care-executive,job_title
Customer Care Representative,customer care representative,customer-care-representative,job_title
Customer Relationship Management Specialist,customer relationship management specialist,customer-relationship-management-specialist,job_title
Customer Service Executive,customer service executive,customer-service-executive,job_title
Customer Service Manager,customer service manager,customer-service-manager,job_title
Customer Service Representative,customer service representative,customer-service-representative,job_title
Customer Service Specialist,customer service specialist,customer-service-specialist,job_title
Customer Support Executive,customer support executive,customer-support-executive,job_title
Customer Support Representative,customer support representative,customer-support-representative,job_title
Cyber Security Analyst,cyber security analyst,cyber-security-analyst,job_title
Cyber Security Engineer,cyber security engineer,cyber-security-engineer,job_title
Data Analyst,data analyst,data-analyst,job_title
Data Architect,data architect,data-architect,job_title
Data Engineer,data engineer,data-engineer,job_title
Data Entry Executive,data entry executive,data-entry-executive,job_title
Data Entry Operator,data entry operator,data-entry-operator,job_title
Data Modeler,data modeler,data-modeler,job_title
Data Operator,data operator,data-operator,job_title
Data Scientist,data scientist,data-scientist,job_title
Database Administrator,database administrator,database-administrator,job_title
Database Developer,database developer,database-developer,job_title
Database manager,database manager,database-manager,job_title
Datadog Engineer,datadog engineer,datadog-engineer,job_title
Dental Assistant,dental assistant,dental-assistant,job_title
Dental Surgeon,dental surgeon,dental-surgeon,job_title
Design Engineer,design engineer,design-engineer,job_title
Desktop Engineer,desktop engineer,desktop-engineer,job_title
Desktop Support,desktop support,desktop-support,job_title
Desktop Support Engineer,desktop support engineer,desktop-support-engineer,job_title
Developer,developer,developer,job_title
DevOps Architect,devops architect,devops-architect,job_title
DevOps Engineer,devops engineer,devops-engineer,job_title
DevOps Manager,devops manager,devops-manager,job_title
DevSecOps Architect,devsecops architect,devsecops-architect,job_title
DevSecOps Engineer,devsecops engineer,devsecops-engineer,job_title
Dialysis Technician,dialysis technician,dialysis-technician,job_title
Digital Marketing Executive,digital marketing executive,digital-marketing-executive,job_title
Digital Marketing Head,digital marketing head,digital-marketing-head,job_title
Digital Marketing Manager,digital marketing manager,digital-marketing-manager,job_title
Digital Media Strategy,digital media strategy,digital-media-strategy,job_title
Direct Sales Representative,direct sales representative,direct-sales-representative,job_title
Director,director,director,job_title
Director of Engineering,director of engineering,director-of-engineering,job_title
Director of Operations,director of operations,director-of-operations,job_title
Director of Photography,director of photography,director-of-photography,job_title
Director of Storytelling,director of storytelling,director-of-storytelling,job_title
District Coordinator,district coordinator,district-coordinator,job_title
Diversity Consultant,diversity consultant,diversity-consultant,job_title
Diversity Coordinator,diversity coordinator,diversity-coordinator,job_title
Diversity Director,diversity director,diversity-director,job_title
Diversity Manager,diversity manager,diversity-manager,job_title
Diversity Officer,diversity officer,diversity-officer,job_title
Django Developer,django developer,django-developer,job_title
Docker Engineer,docker engineer,docker-engineer,job_title
Doctor,doctor,doctor,job_title
Dot Net Developer,dot net developer,dot-net-developer,job_title
DTP Operator,dtp operator,dtp-operator,job_title
Ecommerce Marketing Specialist,ecommerce marketing specialist,ecommerce-marketing-specialist,job_title
Economics Teacher,economics teacher,economics-teacher,job_title
Economist,economist,economist,job_title
Editor in Chief,editor in chief,editor-in-chief,job_title
Education Counsellor,education counsellor,education-counsellor,job_title
Electrical Design Engineer,electrical design engineer,electrical-design-engineer,job_title
Electrical Designer,electrical designer,electrical-designer,job_title
Electrical Engineer,electrical engineer,electrical-engineer,job_title
Electrical Maintenance Engineer,electrical maintenance engineer,electrical-maintenance-engineer,job_title
Electrical Project Engineer,electrical project engineer,electrical-project-engineer,job_title
Electrical Supervisor,electrical supervisor,electrical-supervisor,job_title
Electrical Technician,electrical technician,electrical-technician,job_title
Electronic Mechanic,electronic mechanic,electronic-mechanic,job_title
ELK Engineer,elk engineer,elk-engineer,job_title
Embedded Software Engineer,embedded software engineer,embedded-software-engineer,job_title
Engineering Manager,engineering manager,engineering-manager,job_title
Engineering Technician,engineering technician,engineering-technician,job_title
Entrepreneur,entrepreneur,entrepreneur,job_title
Entry Level Developer,entry level developer,entry-level-developer,job_title
Entry Level Network Engineer,entry level network engineer,entry-level-network-engineer,job_title
Entry Level Programmer,entry level programmer,entry-level-programmer,job_title
Entry Level Software Developer,entry level software developer,entry-level-software-developer,job_title
Entry Level Software Engineer,entry level software engineer,entry-level-software-engineer,job_title
Entry Level Web Developer,entry level web developer,entry-level-web-developer,job_title
Envoy Engineer,envoy engineer,envoy-engineer,job_title
Equity Advisor,equity advisor,equity-advisor,job_title
Equity Analyst,equity analyst,equity-analyst,job_title
Equity Research Analyst,equity research analyst,equity-research-analyst,job_title
Estate Manager,estate manager,estate-manager,job_title
ETL Developer,etl developer,etl-developer,job_title
ETL Tester,etl tester,etl-tester,job_title
Event Manager,event manager,event-manager,job_title
Event Organiser,event organiser,event-organiser,job_title
Event Planner,event planner,event-planner,job_title
Excavator Operator,excavator operator,excavator-operator,job_title
Executive Assistant,executive assistant,executive-assistant,job_title
Executive Director,executive director,executive-director,job_title
Experienced Marketing Manager,experienced marketing manager,experienced-marketing-manager,job_title
F&B Controller,f&b controller,f&b-controller,job_title
Fabrication Engineer,fabrication engineer,fabrication-engineer,job_title
Facilities Assistant,facilities assistant,facilities-assistant,job_title
Facilities Coordinator,facilities coordinator,facilities-coordinator,job_title
Facilities Engineer,facilities engineer,facilities-engineer,job_title
Facilities Maintenance Manager,facilities maintenance manager,facilities-maintenance-manager,job_title
Facilities Manager,facilities manager,facilities-manager,job_title
Falco Engineer,falco engineer,falco-engineer,job_title
Fashion Consultant,fashion consultant,fashion-consultant,job_title
Fashion Designer,fashion designer,fashion-designer,job_title
Fiber Engineer,fiber engineer,fiber-engineer,job_title
Fiber Optic Technician,fiber optic technician,fiber-optic-technician,job_title
Field Assistant,field assistant,field-assistant,job_title
Field Engineer,field engineer,field-engineer,job_title
Field Executive,field executive,field-executive,job_title
Field Officer,field officer,field-officer,job_title
Field Worker,field worker,field-worker,job_title
Film Critic,film critic,film-critic,job_title
Finance Director,finance director,finance-director,job_title
Finance Executive,finance executive,finance-executive,job_title
Finance Manager,finance manager,finance-manager,job_title
Financial Accountant,financial accountant,financial-accountant,job_title
Financial Advisor,financial advisor,financial-advisor,job_title
Financial Analyst,financial analyst,financial-analyst,job_title
Financial Consultant,financial consultant,financial-consultant,job_title
Financial Planner,financial planner,financial-planner,job_title
Financial Services Representative,financial services representative,financial-services-representative,job_title
Fleet Manager,fleet manager,fleet-manager,job_title
FluentD Engineer,fluentd engineer,fluentd-engineer,job_title
Flutter Developer,flutter developer,flutter-developer,job_title
Food Safety Officer,food safety officer,food-safety-officer,job_title
Food Technologist,food technologist,food-technologist,job_title
Fortify Engineer,fortify engineer,fortify-engineer,job_title
Frameworks Specialist,frameworks specialist,frameworks-specialist,job_title
Fraud Analyst,fraud analyst,fraud-analyst,job_title
Freelance Developer,freelance developer,freelance-developer,job_title
Freelance Graphic Designer,freelance graphic designer,freelance-graphic-designer,job_title
Freelance Marketer and Writer,freelance marketer and writer,freelance-marketer-and-writer,job_title
Freelance Recruiter,freelance recruiter,freelance-recruiter,job_title
Freelance Web Developer,freelance web developer,freelance-web-developer,job_title
Front Desk Associate,front desk associate,front-desk-associate,job_title
Front Desk Manager,front desk manager,front-desk-manager,job_title
Front End Developer,front end developer,front-end-developer,job_title
Front End Web Developer,front end web developer,front-end-web-developer,job_title
Front Office Executive,front office executive,front-office-executive,job_title
Front Office Manager,front office manager,front-office-manager,job_title
Front-end web developer,front-end web developer,front-end-web-developer,job_title
Frontend Developer,frontend developer,frontend-developer,job_title
Frontend Developer ,frontend developer ,frontend-developer-,job_title
Full Stack Developer,full stack developer,full-stack-developer,job_title
Full stack Engineer,full stack engineer,full-stack-engineer,job_title
Full Stack JAVA Developer,full stack java developer,full-stack-java-developer,job_title
Full Stack Python Developer,full stack python developer,full-stack-python-developer,job_title
Fund Manager,fund manager,fund-manager,job_title
Game Developer,game developer,game-developer,job_title
Game Tester,game tester,game-tester,job_title
GCP DevOps Engineer,gcp devops engineer,gcp-devops-engineer,job_title
General Counsel,general counsel,general-counsel,job_title
General Manager,general manager,general-manager,job_title
Geological Engineer,geological engineer,geological-engineer,job_title
Geologist,geologist,geologist,job_title
Gerrit Administrator,gerrit administrator,gerrit-administrator,job_title
Gerrit Engineer,gerrit engineer,gerrit-engineer,job_title
GIS Analyst,gis analyst,gis-analyst,job_title
GIS Engineer,gis engineer,gis-engineer,job_title
Git Engineer,git engineer,git-engineer,job_title
Github Engineer,github engineer,github-engineer,job_title
GitLab Engineer,gitlab engineer,gitlab-engineer,job_title
GoLang Developer,golang developer,golang-developer,job_title
Gradle Engineer,gradle engineer,gradle-engineer,job_title
Grafana Engineer,grafana engineer,grafana-engineer,job_title
Graphic Artist,graphic artist,graphic-artist,job_title
Graphic Designer,graphic designer,graphic-designer,job_title
Groovy Engineer,groovy engineer,groovy-engineer,job_title
Guidance Counselor,guidance counselor,guidance-counselor,job_title
Hadoop Administrator,hadoop administrator,hadoop-administrator,job_title
Hadoop Developer,hadoop developer,hadoop-developer,job_title
Hardware Engineer,hardware engineer,hardware-engineer,job_title
"Head, Performance Marketing","head, performance marketing","head,-performance-marketing",job_title
Health Officer,health officer,health-officer,job_title
Highway Engineer,highway engineer,highway-engineer,job_title
Hospital Administrator,hospital administrator,hospital-administrator,job_title
Hospital Manager,hospital manager,hospital-manager,job_title
Hospital Pharmacist,hospital pharmacist,hospital-pharmacist,job_title
Hotel General Manager,hotel general manager,hotel-general-manager,job_title
Hotel Manager,hotel manager,hotel-manager,job_title
Housekeeping Manager,housekeeping manager,housekeeping-manager,job_title
Housekeeping Supervisor,housekeeping supervisor,housekeeping-supervisor,job_title
HR Analyst,hr analyst,hr-analyst,job_title
HR Assistant,hr assistant,hr-assistant,job_title
HR Business Partner,hr business partner,hr-business-partner,job_title
HR Consultant,hr consultant,hr-consultant,job_title
HR Coordinator,hr coordinator,hr-coordinator,job_title
HR Executive,hr executive,hr-executive,job_title
HR Generalist,hr generalist,hr-generalist,job_title
HR Manager,hr manager,hr-manager,job_title
HR Recruiter,hr recruiter,hr-recruiter,job_title
HR Trainee,hr trainee,hr-trainee,job_title
HTML Developer,html developer,html-developer,job_title
HVAC Design Engineer,hvac design engineer,hvac-design-engineer,job_title
HVAC Engineer,hvac engineer,hvac-engineer,job_title
HVAC Technician,hvac technician,hvac-technician,job_title
Image Consultant,image consultant,image-consultant,job_title
Implementation Manager,implementation manager,implementation-manager,job_title
Inclusion Specialist,inclusion specialist,inclusion-specialist,job_title
Industrial Engineer,industrial engineer,industrial-engineer,job_title
Informatica Developer,informatica developer,informatica-developer,job_title
Information Architect,information architect,information-architect,job_title
Information Security Analyst,information security analyst,information-security-analyst,job_title
Inhouse Counsel,inhouse counsel,inhouse-counsel,job_title
Instructor,instructor,instructor,job_title
Instrument Supervisor,instrument supervisor,instrument-supervisor,job_title
Instrument Technician,instrument technician,instrument-technician,job_title
Instrumentation Engineer,instrumentation engineer,instrumentation-engineer,job_title
Insurance Agent,insurance agent,insurance-agent,job_title
Insurance Surveyor,insurance surveyor,insurance-surveyor,job_title
Interaction Designer,interaction designer,interaction-designer,job_title
Interior Designer,interior designer,interior-designer,job_title
Investment Banker,investment banker,investment-banker,job_title
Investment Banking Analyst,investment banking analyst,investment-banking-analyst,job_title
iOS Developer,ios developer,ios-developer,job_title
Istio Engineer,istio engineer,istio-engineer,job_title
IT manager,it manager,it-manager,job_title
IT Professional,it professional,it-professional,job_title
IT Specialist,it specialist,it-specialist,job_title
IT Technician,it technician,it-technician,job_title
JaCoCo Engineer,jacoco engineer,jacoco-engineer,job_title
Java Developer,java developer,java-developer,job_title
Java Developer ,java developer ,java-developer-,job_title
Java Software Engineer,java software engineer,java-software-engineer,job_title
Javascript Developer,javascript developer,javascript-developer,job_title
Jenkins Engineer,jenkins engineer,jenkins-engineer,job_title
Jewelry Designer,jewelry designer,jewelry-designer,job_title
Jira Administrator,jira administrator,jira-administrator,job_title
JIRA Engineer,jira engineer,jira-engineer,job_title
Journalist,journalist,journalist,job_title
Junior Accountant,junior accountant,junior-accountant,job_title
Junior Artist,junior artist,junior-artist,job_title
Junior Assistant,junior assistant,junior-assistant,job_title
Junior Developer,junior developer,junior-developer,job_title
Junior Engineer,junior engineer,junior-engineer,job_title
Junior Financial Analyst,junior financial analyst,junior-financial-analyst,job_title
Junior Front End Developer,junior front end developer,junior-front-end-developer,job_title
Junior iOS Developer,junior ios developer,junior-ios-developer,job_title
Junior Product Manager,junior product manager,junior-product-manager,job_title
Junior Research Fellow,junior research fellow,junior-research-fellow,job_title
Junior Software Developer,junior software developer,junior-software-developer,job_title
Junior Software Engineer,junior software engineer,junior-software-engineer,job_title
Junior Web Developer,junior web developer,junior-web-developer,job_title
JUnit Engineer,junit engineer,junit-engineer,job_title
Kotlin Langulage Specialist,kotlin langulage specialist,kotlin-langulage-specialist,job_title
kubernetes Administrator,kubernetes administrator,kubernetes-administrator,job_title
Kubernetes Engineer,kubernetes engineer,kubernetes-engineer,job_title
Kubernetes Operations Engineer,kubernetes operations engineer,kubernetes-operations-engineer,job_title
Lab Assistant,lab assistant,lab-assistant,job_title
Lab Technician,lab technician,lab-technician,job_title
Landscaping Assistant,landscaping assistant,landscaping-assistant,job_title
Laravel Developer,laravel developer,laravel-developer,job_title
Law Officer,law officer,law-officer,job_title
Leadership Coach,leadership coach,leadership-coach,job_title
Legal Advisor,legal advisor,legal-advisor,job_title
Legal Assistant,legal assistant,legal-assistant,job_title
Legal Conflict Management,legal conflict management,legal-conflict-management,job_title
Legal Consultant,legal consultant,legal-consultant,job_title
Legal Officer,legal officer,legal-officer,job_title
Legal Secretary,legal secretary,legal-secretary,job_title
Library Assistant,library assistant,library-assistant,job_title
Linux Administrator,linux administrator,linux-administrator,job_title
Linux System Administrator,linux system administrator,linux-system-administrator,job_title
Live Chat Agent,live chat agent,live-chat-agent,job_title
Logistics Coordinator,logistics coordinator,logistics-coordinator,job_title
Logistics Executive,logistics executive,logistics-executive,job_title
Logistics Manager,logistics manager,logistics-manager,job_title
Machine learning Architect,machine learning architect,machine-learning-architect,job_title
Machine Learning Engineer,machine learning engineer,machine-learning-engineer,job_title
Machine Operator,machine operator,machine-operator,job_title
Mainframe Developer,mainframe developer,mainframe-developer,job_title
Maintenance Director,maintenance director,maintenance-director,job_title
Maintenance Engineer,maintenance engineer,maintenance-engineer,job_title
Maintenance Manager,maintenance manager,maintenance-manager,job_title
Maintenance Mechanic,maintenance mechanic,maintenance-mechanic,job_title
Management Consultant,management consultant,management-consultant,job_title
Management Faculty,management faculty,management-faculty,job_title
Management Trainee,management trainee,management-trainee,job_title
Managing Member,managing member,managing-member,job_title
Managing Partner,managing partner,managing-partner,job_title
Manual Tester,manual tester,manual-tester,job_title
Manufacturing Engineer,manufacturing engineer,manufacturing-engineer,job_title
Market Development Manager,market development manager,market-development-manager,job_title
Market Researcher,market researcher,market-researcher,job_title
Marketing Analyst,marketing analyst,marketing-analyst,job_title
Marketing Associate,marketing associate,marketing-associate,job_title
Marketing Communications Manager,marketing communications manager,marketing-communications-manager,job_title
Marketing Consultant,marketing consultant,marketing-consultant,job_title
Marketing Coordinator,marketing coordinator,marketing-coordinator,job_title
Marketing Director,marketing director,marketing-director,job_title
Marketing Executive,marketing executive,marketing-executive,job_title
Marketing Manager,marketing manager,marketing-manager,job_title
Marketing Research Analyst,marketing research analyst,marketing-research-analyst,job_title
Marketing Specialist,marketing specialist,marketing-specialist,job_title
Marketing Staff,marketing staff,marketing-staff,job_title
Material Handler,material handler,material-handler,job_title
Mathematician,mathematician,mathematician,job_title
MAVEN Engineer,maven engineer,maven-engineer,job_title
Mean Stack Developer,mean stack developer,mean-stack-developer,job_title
Mechanical Engineer,mechanical engineer,mechanical-engineer,job_title
Mechanical Fitter,mechanical fitter,mechanical-fitter,job_title
Mechanical Maintenance Engineer,mechanical maintenance engineer,mechanical-maintenance-engineer,job_title
Mechanical Technician,mechanical technician,mechanical-technician,job_title
Media Buyer,media buyer,media-buyer,job_title
Media Relations Coordinator,media relations coordinator,media-relations-coordinator,job_title
Medical Administrator,medical administrator,medical-administrator,job_title
Medical Advisor,medical advisor,medical-advisor,job_title
Medical Assistant,medical assistant,medical-assistant,job_title
Medical Coder,medical coder,medical-coder,job_title
Medical Officer,medical officer,medical-officer,job_title
Medical Representative,medical representative,medical-representative,job_title
Medical Researcher,medical researcher,medical-researcher,job_title
Medical Transcriptionist,medical transcriptionist,medical-transcriptionist,job_title
Medicine Representative,medicine representative,medicine-representative,job_title
Meeting Planner,meeting planner,meeting-planner,job_title
Mental Health Counselor,mental health counselor,mental-health-counselor,job_title
MEP Engineer,mep engineer,mep-engineer,job_title
Metallurgical Engineer,metallurgical engineer,metallurgical-engineer,job_title
Mining Engineer,mining engineer,mining-engineer,job_title
MIS Analyst,mis analyst,mis-analyst,job_title
Mobile application developer,mobile application developer,mobile-application-developer,job_title
Mobile Technician,mobile technician,mobile-technician,job_title
Molecular Scientist,molecular scientist,molecular-scientist,job_title
MongoDB Developer,mongodb developer,mongodb-developer,job_title
Montessori Teacher,montessori teacher,montessori-teacher,job_title
Mortgage Loan Processor,mortgage loan processor,mortgage-loan-processor,job_title
Motion Picture Director,motion picture director,motion-picture-director,job_title
Motor Mechanic,motor mechanic,motor-mechanic,job_title
Move Coordinator,move coordinator,move-coordinator,job_title
MRI Technician,mri technician,mri-technician,job_title
Mulesoft Developer,mulesoft developer,mulesoft-developer,job_title
Nagios Engineer,nagios engineer,nagios-engineer,job_title
National Sales Director,national sales director,national-sales-director,job_title
Naval Architect,naval architect,naval-architect,job_title
NDT Technician,ndt technician,ndt-technician,job_title
Network Administrator,network administrator,network-administrator,job_title
Network Engineer,network engineer,network-engineer,job_title
Network Support Engineer,network support engineer,network-support-engineer,job_title
New Grad Software Engineer,new grad software engineer,new-grad-software-engineer,job_title
New Relic Engineer,new relic engineer,new-relic-engineer,job_title
Nexus Engineer,nexus engineer,nexus-engineer,job_title
NOC Engineer,noc engineer,noc-engineer,job_title
Nomad Engineer,nomad engineer,nomad-engineer,job_title
Nord.js Developer,nord.js developer,nord.js-developer,job_title
Notary Engineer,notary engineer,notary-engineer,job_title
Nuclear Engineer,nuclear engineer,nuclear-engineer,job_title
Nurse Practitioner,nurse practitioner,nurse-practitioner,job_title
Nursing Superintendent,nursing superintendent,nursing-superintendent,job_title
Octopus Deploy Engineer,octopus deploy engineer,octopus-deploy-engineer,job_title
Office Administrator,office administrator,office-administrator,job_title
Office Assistant,office assistant,office-assistant,job_title
Office Attendant,office attendant,office-attendant,job_title
Office Coordinator,office coordinator,office-coordinator,job_title
Office Manager,office manager,office-manager,job_title
Office Secretary,office secretary,office-secretary,job_title
Online Chat Agent,online chat agent,online-chat-agent,job_title
Online ESL Instructor,online esl instructor,online-esl-instructor,job_title
Online Tutor,online tutor,online-tutor,job_title
OpenShift Engineer,openshift engineer,openshift-engineer,job_title
OpenStack Engineer,openstack engineer,openstack-engineer,job_title
Operation Executive,operation executive,operation-executive,job_title
Operations Analyst,operations analyst,operations-analyst,job_title
Operations Assistant,operations assistant,operations-assistant,job_title
Operations Coordinator,operations coordinator,operations-coordinator,job_title
Operations Director,operations director,operations-director,job_title
Operations Engineer,operations engineer,operations-engineer,job_title
Operations Manager,operations manager,operations-manager,job_title
Operations Professional,operations professional,operations-professional,job_title
Operations Research Analyst,operations research analyst,operations-research-analyst,job_title
Operations Specialist,operations specialist,operations-specialist,job_title
Operator,operator,operator,job_title
Ophthalmic Assistant,ophthalmic assistant,ophthalmic-assistant,job_title
Oracle Developer,oracle developer,oracle-developer,job_title
Oracle SQL Developer,oracle sql developer,oracle-sql-developer,job_title
Order Selector,order selector,order-selector,job_title
OT Assistant,ot assistant,ot-assistant,job_title
OT Technician,ot technician,ot-technician,job_title
Outside Sales Manager,outside sales manager,outside-sales-manager,job_title
Packer Engineer,packer engineer,packer-engineer,job_title
Painting Inspector,painting inspector,painting-inspector,job_title
Paralegal,paralegal,paralegal,job_title
Part Time Accountant,part time accountant,part-time-accountant,job_title
Partnership Executive,partnership executive,partnership-executive,job_title
Partnership Manager,partnership manager,partnership-manager,job_title
Patent Agent,patent agent,patent-agent,job_title
Patent Analyst,patent analyst,patent-analyst,job_title
Payroll Clerk,payroll clerk,payroll-clerk,job_title
Payroll Manager,payroll manager,payroll-manager,job_title
PCB Designer,pcb designer,pcb-designer,job_title
Pega Developer,pega developer,pega-developer,job_title
Penetration Tester,penetration tester,penetration-tester,job_title
Performance Engineer,performance engineer,performance-engineer,job_title
Petroleum Engineer,petroleum engineer,petroleum-engineer,job_title
Pharmacy Assistant,pharmacy assistant,pharmacy-assistant,job_title
Pharmacy Manager,pharmacy manager,pharmacy-manager,job_title
Phlebotomist,phlebotomist,phlebotomist,job_title
Photo Editor,photo editor,photo-editor,job_title
Photographer,photographer,photographer,job_title
Photoshop Designer,photoshop designer,photoshop-designer,job_title
PHP Developer,php developer,php-developer,job_title
Physical Therapist,physical therapist,physical-therapist,job_title
Physician Assistant,physician assistant,physician-assistant,job_title
Physicist,physicist,physicist,job_title
Piping Designer,piping designer,piping-designer,job_title
Piping Engineer,piping engineer,piping-engineer,job_title
Piping Supervisor,piping supervisor,piping-supervisor,job_title
Placement Officer,placement officer,placement-officer,job_title
Planning Engineer,planning engineer,planning-engineer,job_title
Plant Engineer,plant engineer,plant-engineer,job_title
Portfolio Manager,portfolio manager,portfolio-manager,job_title
Power Plant Operator,power plant operator,power-plant-operator,job_title
Powershell Engineer,powershell engineer,powershell-engineer,job_title
Principal,principal,principal,job_title
Principle Engineer,principle engineer,principle-engineer,job_title
Process Associate,process associate,process-associate,job_title
Process Engineer,process engineer,process-engineer,job_title
Product Analyst,product analyst,product-analyst,job_title
Product Design Engineer,product design engineer,product-design-engineer,job_title
Product Engineer,product engineer,product-engineer,job_title
Product Management,product management,product-management,job_title
Product Manager,product manager,product-manager,job_title
Production Assistant,production assistant,production-assistant,job_title
Production Engineer,production engineer,production-engineer,job_title
Production Manager,production manager,production-manager,job_title
Production Supervisor,production supervisor,production-supervisor,job_title
Production Support Engineer,production support engineer,production-support-engineer,job_title
Professor,professor,professor,job_title
Program Administrator,program administrator,program-administrator,job_title
Program Manager,program manager,program-manager,job_title
Programmer,programmer,programmer,job_title
Programmer Analyst,programmer analyst,programmer-analyst,job_title
Project Assistant,project assistant,project-assistant,job_title
Project Associate,project associate,project-associate,job_title
Project Coordinator,project coordinator,project-coordinator,job_title
Project Engineer,project engineer,project-engineer,job_title
Project Finance specialist,project finance specialist,project-finance-specialist,job_title
Project Manager,project manager,project-manager,job_title
Prometheus Engineer,prometheus engineer,prometheus-engineer,job_title
Property Manager,property manager,property-manager,job_title
Proposal Writer,proposal writer,proposal-writer,job_title
Public Information Officer,public information officer,public-information-officer,job_title
Public Relation Officer,public relation officer,public-relation-officer,job_title
Public Relations Assistant,public relations assistant,public-relations-assistant,job_title
Public Relations Specialist,public relations specialist,public-relations-specialist,job_title
Puppet Operations Engineer,puppet operations engineer,puppet-operations-engineer,job_title
Purchase Engineer,purchase engineer,purchase-engineer,job_title
Purchase Executive,purchase executive,purchase-executive,job_title
Purchase Officer,purchase officer,purchase-officer,job_title
PyTest Engineer,pytest engineer,pytest-engineer,job_title
Python Developer,python developer,python-developer,job_title
QA Engineer,qa engineer,qa-engineer,job_title
QA Tester,qa tester,qa-tester,job_title
QC Engineer,qc engineer,qc-engineer,job_title
QC Inspector,qc inspector,qc-inspector,job_title
Quality Analyst,quality analyst,quality-analyst,job_title
Quality Checker,quality checker,quality-checker,job_title
Quality Control Coordinator,quality control coordinator,quality-control-coordinator,job_title
Quality Controller,quality controller,quality-controller,job_title
Quality Engineer,quality engineer,quality-engineer,job_title
Quality Inspector,quality inspector,quality-inspector,job_title
Quality Manager,quality manager,quality-manager,job_title
Quantity Surveyor,quantity surveyor,quantity-surveyor,job_title
Radiology Technician,radiology technician,radiology-technician,job_title
React Developer,react developer,react-developer,job_title
React.js Developer,react.js developer,react.js-developer,job_title
Real Estate Agent,real estate agent,real-estate-agent,job_title
Real Estate Broker,real estate broker,real-estate-broker,job_title
Receptionist,receptionist,receptionist,job_title
Recruiter,recruiter,recruiter,job_title
Regulatory Compliance,regulatory compliance,regulatory-compliance,job_title
Relationship Executive,relationship executive,relationship-executive,job_title
Relationship Manager,relationship manager,relationship-manager,job_title
Remote Account Manager,remote account manager,remote-account-manager,job_title
Remote Chat Agent,remote chat agent,remote-chat-agent,job_title
Research Analyst,research analyst,research-analyst,job_title
Research Assistant,research assistant,research-assistant,job_title
Research Associate,research associate,research-associate,job_title
Research Scientist,research scientist,research-scientist,job_title
Researcher,researcher,researcher,job_title
RF Engineer,rf engineer,rf-engineer,job_title
Risk Analyst,risk analyst,risk-analyst,job_title
Risk Management specialist,risk management specialist,risk-management-specialist,job_title
Risk Manager,risk manager,risk-manager,job_title
Robotics Engineer,robotics engineer,robotics-engineer,job_title
Ruby on Rails Developer,ruby on rails developer,ruby-on-rails-developer,job_title
Safety Engineer,safety engineer,safety-engineer,job_title
Sales Analyst,sales analyst,sales-analyst,job_title
Sales Associate,sales associate,sales-associate,job_title
Sales Consultant,sales consultant,sales-consultant,job_title
Sales Coordinator,sales coordinator,sales-coordinator,job_title
Sales Development Representative,sales development representative,sales-development-representative,job_title
Sales Engineer,sales engineer,sales-engineer,job_title
Sales Executive,sales executive,sales-executive,job_title
Sales Manager,sales manager,sales-manager,job_title
Sales Officer,sales officer,sales-officer,job_title
Sales Representative,sales representative,sales-representative,job_title
Sales Strategist,sales strategist,sales-strategist,job_title
Salesforce Administrator,salesforce administrator,salesforce-administrator,job_title
Salesforce Developer,salesforce developer,salesforce-developer,job_title
SAP Consultant,sap consultant,sap-consultant,job_title
SAP End User,sap end user,sap-end-user,job_title
SAP Fico Consultant,sap fico consultant,sap-fico-consultant,job_title
SAP MM Consultant,sap mm consultant,sap-mm-consultant,job_title
SAS Programmer,sas programmer,sas-programmer,job_title
Scala Developer,scala developer,scala-developer,job_title
School Counselor,school counselor,school-counselor,job_title
School Principal,school principal,school-principal,job_title
School Teacher,school teacher,school-teacher,job_title
Scientific Assistant,scientific assistant,scientific-assistant,job_title
Scientific Officer,scientific officer,scientific-officer,job_title
Search Engine Optimization,search engine optimization,search-engine-optimization,job_title
Secretary,secretary,secretary,job_title
Security Analyst,security analyst,security-analyst,job_title
Security Engineer,security engineer,security-engineer,job_title
Security Specialist,security specialist,security-specialist,job_title
Selenium Engineer,selenium engineer,selenium-engineer,job_title
Senior Accountant,senior accountant,senior-accountant,job_title
Senior Ansible Development Engineer,senior ansible development engineer,senior-ansible-development-engineer,job_title
Senior Build and Release Engineer,senior build and release engineer,senior-build-and-release-engineer,job_title
Senior Build Engineer,senior build engineer,senior-build-engineer,job_title
Senior Cloud Architect,senior cloud architect,senior-cloud-architect,job_title
Senior Data Analyst,senior data analyst,senior-data-analyst,job_title
Senior DevOps Architect,senior devops architect,senior-devops-architect,job_title
Senior DevOps Engineer,senior devops engineer,senior-devops-engineer,job_title
Senior DevSecOps Architect,senior devsecops architect,senior-devsecops-architect,job_title
Senior DevSecOps Engineer,senior devsecops engineer,senior-devsecops-engineer,job_title
Senior Manager,senior manager,senior-manager,job_title
Senior Product Manager,senior product manager,senior-product-manager,job_title
Senior Site reliability Engineer,senior site reliability engineer,senior-site-reliability-engineer,job_title
Senior SRE Architect,senior sre architect,senior-sre-architect,job_title
Senior SRE Engineer,senior sre engineer,senior-sre-engineer,job_title
SEO Analyst,seo analyst,seo-analyst,job_title
SEO Executive,seo executive,seo-executive,job_title
SEO Manager,seo manager,seo-manager,job_title
Server Administrator,server administrator,server-administrator,job_title
Service Advisor,service advisor,service-advisor,job_title
Service Coordinator,service coordinator,service-coordinator,job_title
Service Engineer,service engineer,service-engineer,job_title
Service Manager,service manager,service-manager,job_title
Servicenow Developer,servicenow developer,servicenow-developer,job_title
Sharepoint Developer,sharepoint developer,sharepoint-developer,job_title
Shipping And Receiving Staff,shipping and receiving staff,shipping-and-receiving-staff,job_title
Site Accountant,site accountant,site-accountant,job_title
Site Engineer,site engineer,site-engineer,job_title
Site Reliability Engineer,site reliability engineer,site-reliability-engineer,job_title
Site Supervisor,site supervisor,site-supervisor,job_title
SOC Analyst,soc analyst,soc-analyst,job_title
Social Media Assistant,social media assistant,social-media-assistant,job_title
Social Media Coordinator,social media coordinator,social-media-coordinator,job_title
Social Media Executive,social media executive,social-media-executive,job_title
Social Media Manager,social media manager,social-media-manager,job_title
Social Media Marketing Executive,social media marketing executive,social-media-marketing-executive,job_title
Social Media Specialist,social media specialist,social-media-specialist,job_title
Software Architect,software architect,software-architect,job_title
Software Developer,software developer,software-developer,job_title
Software Engineer,software engineer,software-engineer,job_title
Software Ninjaneer,software ninjaneer,software-ninjaneer,job_title
Software Tester,software tester,software-tester,job_title
Software Trainee,software trainee,software-trainee,job_title
Solar Engineer,solar engineer,solar-engineer,job_title
Solution Architect,solution architect,solution-architect,job_title
Solutions Consultant,solutions consultant,solutions-consultant,job_title
SonarQube Engineer,sonarqube engineer,sonarqube-engineer,job_title
Sound Engineer,sound engineer,sound-engineer,job_title
Special Projects Coordinator,special projects coordinator,special-projects-coordinator,job_title
Speech Pathologist,speech pathologist,speech-pathologist,job_title
Splunk Engineer,splunk engineer,splunk-engineer,job_title
SQL Developer,sql developer,sql-developer,job_title
SRE Architect,sre architect,sre-architect,job_title
SRE Engineer,sre engineer,sre-engineer,job_title
Staff Accountant,staff accountant,staff-accountant,job_title
Staff Nurse,staff nurse,staff-nurse,job_title
Stock Broker,stock broker,stock-broker,job_title
Structural Designer,structural designer,structural-designer,job_title
Structural Engineer,structural engineer,structural-engineer,job_title
Student Counsellor,student counsellor,student-counsellor,job_title
Sub Engineer,sub engineer,sub-engineer,job_title
Subject Matter Expert,subject matter expert,subject-matter-expert,job_title
Superintendent,superintendent,superintendent,job_title
Supervisor,supervisor,supervisor,job_title
Supply Chain Manager,supply chain manager,supply-chain-manager,job_title
System Administrator,system administrator,system-administrator,job_title
System Analyst,system analyst,system-analyst,job_title
System Engineer,system engineer,system-engineer,job_title
Tableau Developer,tableau developer,tableau-developer,job_title
Tally Accountant,tally accountant,tally-accountant,job_title
Tally Operator,tally operator,tally-operator,job_title
Tax Accountant,tax accountant,tax-accountant,job_title
Tax Consultant,tax consultant,tax-consultant,job_title
Team Leader,team leader,team-leader,job_title
TeamCity Engineer,teamcity engineer,teamcity-engineer,job_title
Tech Sales Engineer,tech sales engineer,tech-sales-engineer,job_title
Technical Analyst,technical analyst,technical-analyst,job_title
Technical Assistant,technical assistant,technical-assistant,job_title
Technical Consultant,technical consultant,technical-consultant,job_title
Technical Recruiter,technical recruiter,technical-recruiter,job_title
Technical Specialist,technical specialist,technical-specialist,job_title
Technical Support Associate,technical support associate,technical-support-associate,job_title
Technical Support Specialist,technical support specialist,technical-support-specialist,job_title
Technical Writer,technical writer,technical-writer,job_title
Telecalling Executive,telecalling executive,telecalling-executive,job_title
Telecom Engineer,telecom engineer,telecom-engineer,job_title
Telemarketer,telemarketer,telemarketer,job_title
Telephone Operator,telephone operator,telephone-operator,job_title
Terraform Engineer,terraform engineer,terraform-engineer,job_title
Territory Sales Manager,territory sales manager,territory-sales-manager,job_title
Test Engineer,test engineer,test-engineer,job_title
Test Manager,test manager,test-manager,job_title
TFS Engineer,tfs engineer,tfs-engineer,job_title
Title Analyst,title analyst,title-analyst,job_title
Title Researcher,title researcher,title-researcher,job_title
Training Coordinator,training coordinator,training-coordinator,job_title
Training Manager,training manager,training-manager,job_title
Translator,translator,translator,job_title
Transport Manager,transport manager,transport-manager,job_title
Travel Nurse,travel nurse,travel-nurse,job_title
Travel Writer,travel writer,travel-writer,job_title
Twistkock Engineer,twistkock engineer,twistkock-engineer,job_title
TypeScipt Developer,typescipt developer,typescipt-developer,job_title
UDeploy Engineer,udeploy engineer,udeploy-engineer,job_title
UI Designer,ui designer,ui-designer,job_title
UI Developer,ui developer,ui-developer,job_title
UI/UX Designer,ui/ux designer,ui/ux-designer,job_title
Unity Developer,unity developer,unity-developer,job_title
US Recruiter,us recruiter,us-recruiter,job_title
UX Designer,ux designer,ux-designer,job_title
UX Developer,ux developer,ux-developer,job_title
Vault Engineer,vault engineer,vault-engineer,job_title
VBA Developer,vba developer,vba-developer,job_title
Vice President,vice president,vice-president,job_title
Vice President Communications,vice president communications,vice-president-communications,job_title
Vice President of Marketing,vice president of marketing,vice-president-of-marketing,job_title
Vice President of Operations,vice president of operations,vice-president-of-operations,job_title
Vice President of Sales,vice president of sales,vice-president-of-sales,job_title
Vice Principal,vice principal,vice-principal,job_title
Video Editor,video editor,video-editor,job_title
Video Game Writer,video game writer,video-game-writer,job_title
Virtual Assistant,virtual assistant,virtual-assistant,job_title
VMC Operator,vmc operator,vmc-operator,job_title
Vue.js Developer,vue.js developer,vue.js-developer,job_title
Warehouse Executive,warehouse executive,warehouse-executive,job_title
Warehouse Manager,warehouse manager,warehouse-manager,job_title
Warehouse Supervisor,warehouse supervisor,warehouse-supervisor,job_title
Wealth Management specialist,wealth management specialist,wealth-management-specialist,job_title
Web Administrator,web administrator,web-administrator,job_title
Web Designer,web designer,web-designer,job_title
Web Developer,web developer,web-developer,job_title
Windows Administrator,windows administrator,windows-administrator,job_title
Wordpress Developer,wordpress developer,wordpress-developer,job_title
Writer,writer,writer,job_title
X Ray Technician,x ray technician,x-ray-technician,job_title
XL Deploy Engineer,xl deploy engineer,xl-deploy-engineer,job_title
Zabbix Engineer,zabbix engineer,zabbix-engineer,job_title