label,value,slug ,optionType
Accommodation Management,accommodation management,accommodation-management,specialization
Accounts and Finance,accounts and finance,accounts-and-finance,specialization
Actuarial Science,actuarial science,actuarial-science,specialization
Administrative Law,administrative law,administrative-law,specialization
Advanced Biochemistry,advanced biochemistry,advanced-biochemistry,specialization
Advanced Communication Systems,advanced communication systems,advanced-communication-systems,specialization
Advertising Management,advertising management,advertising-management,specialization
Aerospace Engineering,aerospace engineering,aerospace-engineering,specialization
Aerospace Medicine,aerospace medicine,aerospace-medicine,specialization
Agri-Business Management,agri-business management,agri-business-management,specialization
Agricultural and Food Engineering,agricultural and food engineering,agricultural-and-food-engineering,specialization
Agricultural Biotechnology,agricultural biotechnology,agricultural-biotechnology,specialization
Agricultural Botany,agricultural botany,agricultural-botany,specialization
Agricultural Economics,agricultural economics,agricultural-economics,specialization
Agricultural Engineering,agricultural engineering,agricultural-engineering,specialization
Agricultural Extension Education,agricultural extension education,agricultural-extension-education,specialization
Agricultural Information Technology,agricultural information technology,agricultural-information-technology,specialization
Agricultural Microbiology,agricultural microbiology,agricultural-microbiology,specialization
Agricultural Physics,agricultural physics,agricultural-physics,specialization
Agricultural Statistics,agricultural statistics,agricultural-statistics,specialization
Agriculture Chemistry and Soil Science,agriculture chemistry and soil science,agriculture-chemistry-and-soil-science,specialization
Agro-Forestry,agro-forestry,agro-forestry,specialization
Agro-Meteorology,agro-meteorology,agro-meteorology,specialization
Agronomy,agronomy,agronomy,specialization
Air Armament,air armament,air-armament,specialization
Airlines Management,airlines management,airlines-management,specialization
Alloy Technology,alloy technology,alloy-technology,specialization
Anatomy,anatomy,anatomy,specialization
Anatomy and Physiology,anatomy and physiology,anatomy-and-physiology,specialization
Anesthesiology,anesthesiology,anesthesiology,specialization
Animal Biotechnology,animal biotechnology,animal-biotechnology,specialization
Animal Science,animal science,animal-science,specialization
Animation and Visual Effects,animation and visual effects,animation-and-visual-effects,specialization
Animation Film Design,animation film design,animation-film-design,specialization
Anthropology,anthropology,anthropology,specialization
Apparel Production Management,apparel production management,apparel-production-management,specialization
Apparel Technology,apparel technology,apparel-technology,specialization
Applications of Mathematics,applications of mathematics,applications-of-mathematics,specialization
Applied Arts,applied arts,applied-arts,specialization
Applied Biology,applied biology,applied-biology,specialization
Applied Chemistry,applied chemistry,applied-chemistry,specialization
Applied Econometrics and Business Forecasting,applied econometrics and business forecasting,applied-econometrics-and-business-forecasting,specialization
Applied Electronics and Instrumentation,applied electronics and instrumentation,applied-electronics-and-instrumentation,specialization
Applied Fisheries and Aquaculture,applied fisheries and aquaculture,applied-fisheries-and-aquaculture,specialization
Applied Genetics,applied genetics,applied-genetics,specialization
Applied Geography,applied geography,applied-geography,specialization
Applied Geology,applied geology,applied-geology,specialization
Applied Mathematics,applied mathematics,applied-mathematics,specialization
Applied Mathematics and Computing,applied mathematics and computing,applied-mathematics-and-computing,specialization
Applied Mechanics,applied mechanics,applied-mechanics,specialization
Applied Microbiology,applied microbiology,applied-microbiology,specialization
Applied Physics,applied physics,applied-physics,specialization
Applied Plant Science,applied plant science,applied-plant-science,specialization
Applied Psychology,applied psychology,applied-psychology,specialization
Applied Statistics and Informatics,applied statistics and informatics,applied-statistics-and-informatics,specialization
Applied Zoology,applied zoology,applied-zoology,specialization
Aqua Cultural Engineering,aqua cultural engineering,aqua-cultural-engineering,specialization
Aquaculture,aquaculture,aquaculture,specialization
Aquatic Biology and Fisheries,aquatic biology and fisheries,aquatic-biology-and-fisheries,specialization
Arbitration Conciliation and Alternative,arbitration conciliation and alternative,arbitration-conciliation-and-alternative,specialization
Archaeology,archaeology,archaeology,specialization
Architectural Conservation,architectural conservation,architectural-conservation,specialization
Architectural Design,architectural design,architectural-design,specialization
Asset and Wealth Management,asset and wealth management,asset-and-wealth-management,specialization
Astronomy and Space Physics,astronomy and space physics,astronomy-and-space-physics,specialization
Audiology and Speech Rehabilitation,audiology and speech rehabilitation,audiology-and-speech-rehabilitation,specialization
Automobile Engineering,automobile engineering,automobile-engineering,specialization
Automotive Design Engineering,automotive design engineering,automotive-design-engineering,specialization
Aviation,aviation,aviation,specialization
Avionics Engineering,avionics engineering,avionics-engineering,specialization
Ayurveda,ayurveda,ayurveda,specialization
Bacteriology,bacteriology,bacteriology,specialization
Bakery and Confectionery,bakery and confectionery,bakery-and-confectionery,specialization
Banking and Finance,banking and finance,banking-and-finance,specialization
Banking and Insurance,banking and insurance,banking-and-insurance,specialization
Bengali,bengali,bengali,specialization
Bio Mineral Engineering,bio mineral engineering,bio-mineral-engineering,specialization
Bio Textiles,bio textiles,bio-textiles,specialization
Bio-Chemistry,bio-chemistry,bio-chemistry,specialization
Bio-Informatics,bio-informatics,bio-informatics,specialization
Bio-Science,bio-science,bio-science,specialization
Bio-Technology,bio-technology,bio-technology,specialization
Biochemical Engineering,biochemical engineering,biochemical-engineering,specialization
Accessory Design,accessory design,accessory-design,specialization
Biodiversity and Conservation,biodiversity and conservation,biodiversity-and-conservation,specialization
Biological Science,biological science,biological-science,specialization
Biological Sciences,biological sciences,biological-sciences,specialization
Biology,biology,biology,specialization
Biomaterials and Tissue Engineering,biomaterials and tissue engineering,biomaterials-and-tissue-engineering,specialization
Biomedical Engineering,biomedical engineering,biomedical-engineering,specialization
Biomedical Genetics,biomedical genetics,biomedical-genetics,specialization
Biomedical Instrumentation,biomedical instrumentation,biomedical-instrumentation,specialization
Biomedical Science,biomedical science,biomedical-science,specialization
Biophysics,biophysics,biophysics,specialization
Bioprocess Technology,bioprocess technology,bioprocess-technology,specialization
Bioresource Management,bioresource management,bioresource-management,specialization
Bioscience,bioscience,bioscience,specialization
Biostatistics,biostatistics,biostatistics,specialization
Botany,botany,botany,specialization
Building Engineering and Management,building engineering and management,building-engineering-and-management,specialization
Business Administration,business administration,business-administration,specialization
Business Communication,business communication,business-communication,specialization
Business Law and Ethics,business law and ethics,business-law-and-ethics,specialization
Business Management,business management,business-management,specialization
Calligraphy,calligraphy,calligraphy,specialization
Cardiology,cardiology,cardiology,specialization
Carpet and Textile Technology,carpet and textile technology,carpet-and-textile-technology,specialization
Ceramic Cement Technology,ceramic cement technology,ceramic-cement-technology,specialization
Ceramic Glass Technology,ceramic glass technology,ceramic-glass-technology,specialization
Chemical Engineering,chemical engineering,chemical-engineering,specialization
Chemical Science and Technology,chemical science and technology,chemical-science-and-technology,specialization
Chemistry,chemistry,chemistry,specialization
Child Guidance and Family Counselling,child guidance and family counselling,child-guidance-and-family-counselling,specialization
Child Health Nursing,child health nursing,child-health-nursing,specialization
Civil Engineering,civil engineering,civil-engineering,specialization
Civil Infrastructure Engineering,civil infrastructure engineering,civil-infrastructure-engineering,specialization
Civil Procedure Code,civil procedure code,civil-procedure-code,specialization
Clinical Haematology,clinical haematology,clinical-haematology,specialization
Clinical Microbiology,clinical microbiology,clinical-microbiology,specialization
Clinical Nutrition,clinical nutrition,clinical-nutrition,specialization
Clinical Pharmacology,clinical pharmacology,clinical-pharmacology,specialization
Clinical Psychology,clinical psychology,clinical-psychology,specialization
Clinical Research,clinical research,clinical-research,specialization
Clinical Research and Regulatory Affairs,clinical research and regulatory affairs,clinical-research-and-regulatory-affairs,specialization
Clothing and Textiles,clothing and textiles,clothing-and-textiles,specialization
Cloud Computing and Virtualization Technology,cloud computing and virtualization technology,cloud-computing-and-virtualization-technology,specialization
Co-Operation and Banking,co-operation and banking,co-operation-and-banking,specialization
Coastal and Disaster Management,coastal and disaster management,coastal-and-disaster-management,specialization
Code of Criminal Procedure,code of criminal procedure,code-of-criminal-procedure,specialization
Communication Design,communication design,communication-design,specialization
Communication Media,communication media,communication-media,specialization
Communication Systems,communication systems,communication-systems,specialization
Community Health Nursing,community health nursing,community-health-nursing,specialization
Community Medicine,community medicine,community-medicine,specialization
Company Law,company law,company-law,specialization
Comparative Law,comparative law,comparative-law,specialization
Computational Biology,computational biology,computational-biology,specialization
Computer and Information Science,computer and information science,computer-and-information-science,specialization
Computer Animation and Visual Effects,computer animation and visual effects,computer-animation-and-visual-effects,specialization
Computer Application,computer application,computer-application,specialization
Computer Communication,computer communication,computer-communication,specialization
Computer Controlled Industrial Power,computer controlled industrial power,computer-controlled-industrial-power,specialization
Computer Engineering,computer engineering,computer-engineering,specialization
Computer Integrated Manufacturing,computer integrated manufacturing,computer-integrated-manufacturing,specialization
Computer Network Engineering,computer network engineering,computer-network-engineering,specialization
Computer Science and Engineering,computer science and engineering,computer-science-and-engineering,specialization
Conflict of Laws,conflict of laws,conflict-of-laws,specialization
Conservation Biology,conservation biology,conservation-biology,specialization
Constitutional Law,constitutional law,constitutional-law,specialization
Content Strategist,content strategist,content-strategist,specialization
Control Systems,control systems,control-systems,specialization
Corporate Finance,corporate finance,corporate-finance,specialization
Costume Design and Fashion,costume design and fashion,costume-design-and-fashion,specialization
Counseling Psychology,counseling psychology,counseling-psychology,specialization
Criminology and Criminal Justice,criminology and criminal justice,criminology-and-criminal-justice,specialization
Cyber Law and Information Security,cyber law and information security,cyber-law-and-information-security,specialization
Cyber Security,cyber security,cyber-security,specialization
Dairy Engineering,dairy engineering,dairy-engineering,specialization
Dairy Science,dairy science,dairy-science,specialization
Dance,dance,dance,specialization
Data Mining and Warehousing,data mining and warehousing,data-mining-and-warehousing,specialization
Data Science,data science,data-science,specialization
Dental,dental,dental,specialization
Dentistry,dentistry,dentistry,specialization
Dermatology Venereology and Leprosy,dermatology venereology and leprosy,dermatology-venereology-and-leprosy,specialization
Development Communications,development communications,development-communications,specialization
Digital Arts,digital arts,digital-arts,specialization
Digital Electronics and Communication Systems,digital electronics and communication systems,digital-electronics-and-communication-systems,specialization
Digital System and Signal Processing,digital system and signal processing,digital-system-and-signal-processing,specialization
Disaster Mitigation,disaster mitigation,disaster-mitigation,specialization
Distributed Computing,distributed computing,distributed-computing,specialization
Drama and Theatre,drama and theatre,drama-and-theatre,specialization
Drug Chemistry,drug chemistry,drug-chemistry,specialization
E-Commerce,e-commerce,e-commerce,specialization
E-Learning Technology,e-learning technology,e-learning-technology,specialization
Earth Science and Resource Management,earth science and resource management,earth-science-and-resource-management,specialization
Earthquake Engineering,earthquake engineering,earthquake-engineering,specialization
Eco Restoration,eco restoration,eco-restoration,specialization
Ecology and Environmental Science,ecology and environmental science,ecology-and-environmental-science,specialization
Econometrics,econometrics,econometrics,specialization
Economics,economics,economics,specialization
Ecotourism,ecotourism,ecotourism,specialization
Electrical and Electronics Engineering,electrical and electronics engineering,electrical-and-electronics-engineering,specialization
Electrical Communication Engineering,electrical communication engineering,electrical-communication-engineering,specialization
Electrical Devices and Power Systems,electrical devices and power systems,electrical-devices-and-power-systems,specialization
Electrical Engineering,electrical engineering,electrical-engineering,specialization
Electro Chemistry,electro chemistry,electro-chemistry,specialization
Electronic Instrumentation,electronic instrumentation,electronic-instrumentation,specialization
Electronic Media,electronic media,electronic-media,specialization
Electronic Science,electronic science,electronic-science,specialization
Electronics and Communication Engineering,electronics and communication engineering,electronics-and-communication-engineering,specialization
Electronics and Instrumentation Engineering,electronics and instrumentation engineering,electronics-and-instrumentation-engineering,specialization
Electronics and Media Technology,electronics and media technology,electronics-and-media-technology,specialization
Electronics and Nanotechnology,electronics and nanotechnology,electronics-and-nanotechnology,specialization
Electronics and Telecommunications Engineering,electronics and telecommunications engineering,electronics-and-telecommunications-engineering,specialization
Electronics Engineering,electronics engineering,electronics-engineering,specialization
Emergency Medicine,emergency medicine,emergency-medicine,specialization
Endocrinology,endocrinology,endocrinology,specialization
Energy Engineering,energy engineering,energy-engineering,specialization
Energy Systems Engineering,energy systems engineering,energy-systems-engineering,specialization
Engineering Design,engineering design,engineering-design,specialization
Engineering Physics,engineering physics,engineering-physics,specialization
Engineering Structures,engineering structures,engineering-structures,specialization
English,english,english,specialization
ENT,ent,ent,specialization
Entomology,entomology,entomology,specialization
Entrepreneurship Development,entrepreneurship development,entrepreneurship-development,specialization
Environment and Solid Waste Management,environment and solid waste management,environment-and-solid-waste-management,specialization
Environment Sustainability,environment sustainability,environment-sustainability,specialization
Environmental and Climate Change Management,environmental and climate change management,environmental-and-climate-change-management,specialization
Environmental Engineering,environmental engineering,environmental-engineering,specialization
Environmental Hygiene,environmental hygiene,environmental-hygiene,specialization
Environmental Law,environmental law,environmental-law,specialization
Environmental Management,environmental management,environmental-management,specialization
Environmental Planning,environmental planning,environmental-planning,specialization
Environmental Science,environmental science,environmental-science,specialization
Epidemiology,epidemiology,epidemiology,specialization
Executive MBA,executive mba,executive-mba,specialization
Exhibition Design,exhibition design,exhibition-design,specialization
Extension and Communication,extension and communication,extension-and-communication,specialization
Fabric and Apparel Designing,fabric and apparel designing,fabric-and-apparel-designing,specialization
Family Law,family law,family-law,specialization
Family Medicine,family medicine,family-medicine,specialization
Fashion and Textile Merchandising,fashion and textile merchandising,fashion-and-textile-merchandising,specialization
Fashion Design and Technology,fashion design and technology,fashion-design-and-technology,specialization
Fermentation and Microbial Technology,fermentation and microbial technology,fermentation-and-microbial-technology,specialization
Film and Video Communication,film and video communication,film-and-video-communication,specialization
Finance,finance,finance,specialization
Financial Computing,financial computing,financial-computing,specialization
Financial Economics and Administration,financial economics and administration,financial-economics-and-administration,specialization
Financial Market,financial market,financial-market,specialization
Financial Mathematics,financial mathematics,financial-mathematics,specialization
First Aid,first aid,first-aid,specialization
Floriculture and Landscaping,floriculture and landscaping,floriculture-and-landscaping,specialization
Fluid Dynamics,fluid dynamics,fluid-dynamics,specialization
Food and Beverage Management,food and beverage management,food-and-beverage-management,specialization
Food Biotechnology,food biotechnology,food-biotechnology,specialization
Food Nutrition,food nutrition,food-nutrition,specialization
Food Process Engineering,food process engineering,food-process-engineering,specialization
Food Processing Technology,food processing technology,food-processing-technology,specialization
Food Production Management,food production management,food-production-management,specialization
Food Safety Management Systems,food safety management systems,food-safety-management-systems,specialization
Food Science and Nutrition,food science and nutrition,food-science-and-nutrition,specialization
Food Science and Quality Control,food science and quality control,food-science-and-quality-control,specialization
Food Science and Technology,food science and technology,food-science-and-technology,specialization
Food Technology,food technology,food-technology,specialization
Footware Technology,footware technology,footware-technology,specialization
Footwear Designs and Production,footwear designs and production,footwear-designs-and-production,specialization
Forensic Medicine,forensic medicine,forensic-medicine,specialization
Forensic Science and Criminology,forensic science and criminology,forensic-science-and-criminology,specialization
Forestry,forestry,forestry,specialization
Fruit Science,fruit science,fruit-science,specialization
Fundamentals of Nursing,fundamentals of nursing,fundamentals-of-nursing,specialization
Furniture and Interior Design,furniture and interior design,furniture-and-interior-design,specialization
Game Design and Development,game design and development,game-design-and-development,specialization
Garment Manufacturing Technology,garment manufacturing technology,garment-manufacturing-technology,specialization
Garment Production and Export Management,garment production and export management,garment-production-and-export-management,specialization
Gastroenterology,gastroenterology,gastroenterology,specialization
Genetics and Plant Breeding,genetics and plant breeding,genetics-and-plant-breeding,specialization
Genetics Engineering,genetics engineering,genetics-engineering,specialization
Genomics and Proteomics,genomics and proteomics,genomics-and-proteomics,specialization
Geo Informatics Engineering,geo informatics engineering,geo-informatics-engineering,specialization
Geo Sciences Engineering,geo sciences engineering,geo-sciences-engineering,specialization
Geo-Physics,geo-physics,geo-physics,specialization
Geography,geography,geography,specialization
Geoinformatics,geoinformatics,geoinformatics,specialization
Geological Sciences,geological sciences,geological-sciences,specialization
Geology,geology,geology,specialization
Geophysics,geophysics,geophysics,specialization
Geotechnical Engineering,geotechnical engineering,geotechnical-engineering,specialization
Geriatrics,geriatrics,geriatrics,specialization
Global Business,global business,global-business,specialization
Global Food Trends,global food trends,global-food-trends,specialization
Global Warming Reduction,global warming reduction,global-warming-reduction,specialization
Graphic Designing,graphic designing,graphic-designing,specialization
Green Business,green business,green-business,specialization
Green Technology,green technology,green-technology,specialization
Ground Staff and Cabin Crew Training,ground staff and cabin crew training,ground-staff-and-cabin-crew-training,specialization
Gynaecology,gynaecology,gynaecology,specialization
Habitat and Population Studies,habitat and population studies,habitat-and-population-studies,specialization
Hardware and Networking,hardware and networking,hardware-and-networking,specialization
Health Administration,health administration,health-administration,specialization
Health and Yoga Therapy,health and yoga therapy,health-and-yoga-therapy,specialization
Health Education and Communication Skills,health education and communication skills,health-education-and-communication-skills,specialization
Healthcare Management,healthcare management,healthcare-management,specialization
Herbal Science,herbal science,herbal-science,specialization
Hindi,hindi,hindi,specialization
History,history,history,specialization
Home Management,home management,home-management,specialization
Home Science,home science,home-science,specialization
Homeland Security,homeland security,homeland-security,specialization
Homeopathy,homeopathy,homeopathy,specialization
Horticulture,horticulture,horticulture,specialization
Hospital Administration,hospital administration,hospital-administration,specialization
Hospital and Healthcare,hospital and healthcare,hospital-and-healthcare,specialization
Hospitality Accounting,hospitality accounting,hospitality-accounting,specialization
Hospitality and Tourism Studies,hospitality and tourism studies,hospitality-and-tourism-studies,specialization
Hospitality Facility Planning,hospitality facility planning,hospitality-facility-planning,specialization
Hospitality Information Systems,hospitality information systems,hospitality-information-systems,specialization
Hospitality Marketing,hospitality marketing,hospitality-marketing,specialization
Hotel Management,hotel management,hotel-management,specialization
Housekeeping Operation,housekeeping operation,housekeeping-operation,specialization
Housing,housing,housing,specialization
Human Development,human development,human-development,specialization
Human Genetics,human genetics,human-genetics,specialization
Human Physiology,human physiology,human-physiology,specialization
Human Resources Management,human resources management,human-resources-management,specialization
Human Rights and International Law,human rights and international law,human-rights-and-international-law,specialization
Humanities and Management,humanities and management,humanities-and-management,specialization
Hydrochemistry,hydrochemistry,hydrochemistry,specialization
Hydrology,hydrology,hydrology,specialization
Illustration,illustration,illustration,specialization
Image Processing,image processing,image-processing,specialization
Immunology,immunology,immunology,specialization
Indian Heritage and Culture,indian heritage and culture,indian-heritage-and-culture,specialization
Indian Politics,indian politics,indian-politics,specialization
Industrial and Production Engineering,industrial and production engineering,industrial-and-production-engineering,specialization
Industrial Biotechnology,industrial biotechnology,industrial-biotechnology,specialization
Industrial Chemistry,industrial chemistry,industrial-chemistry,specialization
Industrial Design,industrial design,industrial-design,specialization
Industrial Engineering,industrial engineering,industrial-engineering,specialization
Industrial Mathematics,industrial mathematics,industrial-mathematics,specialization
Industrial Microbiology,industrial microbiology,industrial-microbiology,specialization
Industrial Safety Engineering,industrial safety engineering,industrial-safety-engineering,specialization
Infectious Diseases,infectious diseases,infectious-diseases,specialization
Information and Communication Technology,information and communication technology,information-and-communication-technology,specialization
Information Management,information management,information-management,specialization
Information Science and Engineering,information science and engineering,information-science-and-engineering,specialization
Information Security and Cyber Forensics,information security and cyber forensics,information-security-and-cyber-forensics,specialization
Information Security Management,information security management,information-security-management,specialization
Information Systems,information systems,information-systems,specialization
Information Technology,information technology,information-technology,specialization
Infrastructure Engineering,infrastructure engineering,infrastructure-engineering,specialization
Instrumentation and Control Engineering,instrumentation and control engineering,instrumentation-and-control-engineering,specialization
Instrumentation and Control Systems,instrumentation and control systems,instrumentation-and-control-systems,specialization
Instrumentation Engineering,instrumentation engineering,instrumentation-engineering,specialization
Integrated Biotechnology,integrated biotechnology,integrated-biotechnology,specialization
Intellectual Property Law,intellectual property law,intellectual-property-law,specialization
Interior Design,interior design,interior-design,specialization
International Business,international business,international-business,specialization
International Relations,international relations,international-relations,specialization
Interpretation of Statutes,interpretation of statutes,interpretation-of-statutes,specialization
Investment and Securities Law,investment and securities law,investment-and-securities-law,specialization
Investment Management,investment management,investment-management,specialization
Journalism and Mass Communication,journalism and mass communication,journalism-and-mass-communication,specialization
Jurisprudence,jurisprudence,jurisprudence,specialization
Kannada,kannada,kannada,specialization
Knitwear Design,knitwear design,knitwear-design,specialization
Labour Law,labour law,labour-law,specialization
Land Laws,land laws,land-laws,specialization
Landscape Architecture,landscape architecture,landscape-architecture,specialization
Law,law,law,specialization
Law of Contract,law of contract,law-of-contract,specialization
Law of Evidence,law of evidence,law-of-evidence,specialization
Law of Insurance,law of insurance,law-of-insurance,specialization
Law of Torts and Consumer Protection Act,law of torts and consumer protection act,law-of-torts-and-consumer-protection-act,specialization
Leather Design,leather design,leather-design,specialization
Leather Technology,leather technology,leather-technology,specialization
Legal Writing,legal writing,legal-writing,specialization
Life Science,life science,life-science,specialization
Lifestyle and Accessory Design,lifestyle and accessory design,lifestyle-and-accessory-design,specialization
Limnology and Fisheries,limnology and fisheries,limnology-and-fisheries,specialization
Linguistics,linguistics,linguistics,specialization
Machine Design,machine design,machine-design,specialization
Mainframe Technology,mainframe technology,mainframe-technology,specialization
Malayalam,malayalam,malayalam,specialization
Management Consulting,management consulting,management-consulting,specialization
Manufacturing and Management,manufacturing and management,manufacturing-and-management,specialization
Manufacturing Engineering,manufacturing engineering,manufacturing-engineering,specialization
Marine Biotechnology,marine biotechnology,marine-biotechnology,specialization
Marine Engineering,marine engineering,marine-engineering,specialization
Marine Geophysics,marine geophysics,marine-geophysics,specialization
Marine Medicine,marine medicine,marine-medicine,specialization
Marine Science,marine science,marine-science,specialization
Marketing,marketing,marketing,specialization
Mass Communication and Journalism,mass communication and journalism,mass-communication-and-journalism,specialization
Material Science and Engineering,material science and engineering,material-science-and-engineering,specialization
Material Science Engineering,material science engineering,material-science-engineering,specialization
Material Technology,material technology,material-technology,specialization
Materials Science,materials science,materials-science,specialization
Maternity Nursing,maternity nursing,maternity-nursing,specialization
Mathematical Ecology and Environment Studies,mathematical ecology and environment studies,mathematical-ecology-and-environment-studies,specialization
Mathematics,mathematics,mathematics,specialization
Mathematics and Computing,mathematics and computing,mathematics-and-computing,specialization
Mechanical Engineering,mechanical engineering,mechanical-engineering,specialization
Mechatronics Engineering,mechatronics engineering,mechatronics-engineering,specialization
Media Management,media management,media-management,specialization
Media Technology,media technology,media-technology,specialization
Medical Biochemistry,medical biochemistry,medical-biochemistry,specialization
Medical Biotechnology,medical biotechnology,medical-biotechnology,specialization
Medical Electronics,medical electronics,medical-electronics,specialization
Medical Gastroenterology,medical gastroenterology,medical-gastroenterology,specialization
Medical Genetics,medical genetics,medical-genetics,specialization
Medical Imaging Technology,medical imaging technology,medical-imaging-technology,specialization
Medical Microbiology,medical microbiology,medical-microbiology,specialization
Medical Oncology,medical oncology,medical-oncology,specialization
Medical Physics,medical physics,medical-physics,specialization
Medical Radiation Physics,medical radiation physics,medical-radiation-physics,specialization
Medical Surgical Nursing,medical surgical nursing,medical-surgical-nursing,specialization
Medical Technology,medical technology,medical-technology,specialization
Medicinal Plants,medicinal plants,medicinal-plants,specialization
Medicine,medicine,medicine,specialization
Mental Health,mental health,mental-health,specialization
Metallurgical Engineering,metallurgical engineering,metallurgical-engineering,specialization
Meteorology,meteorology,meteorology,specialization
Micro-Electronics,micro-electronics,micro-electronics,specialization
Microbiology,microbiology,microbiology,specialization
Military Science,military science,military-science,specialization
Mineral Engineering,mineral engineering,mineral-engineering,specialization
Mining Engineering,mining engineering,mining-engineering,specialization
Missile Technology,missile technology,missile-technology,specialization
Molecular Biology and Biochemistry,molecular biology and biochemistry,molecular-biology-and-biochemistry,specialization
Molecular Biology and Genetic Engineering,molecular biology and genetic engineering,molecular-biology-and-genetic-engineering,specialization
Molecular Biology and Human Genetics,molecular biology and human genetics,molecular-biology-and-human-genetics,specialization
Multimedia and Animation,multimedia and animation,multimedia-and-animation,specialization
Multimedia Technology,multimedia technology,multimedia-technology,specialization
Museology,museology,museology,specialization
Music,music,music,specialization
Nano Technology,nano technology,nano-technology,specialization
Natural Resource Management,natural resource management,natural-resource-management,specialization
Naval Architecture and Ocean Engineering,naval architecture and ocean engineering,naval-architecture-and-ocean-engineering,specialization
Nematology,nematology,nematology,specialization
Neonatology,neonatology,neonatology,specialization
Network Protocol Design,network protocol design,network-protocol-design,specialization
Neural Networks,neural networks,neural-networks,specialization
Neuro Radiology,neuro radiology,neuro-radiology,specialization
Neuroscience,neuroscience,neuroscience,specialization
Nuclear Engineering,nuclear engineering,nuclear-engineering,specialization
Nuclear Medicine Technology,nuclear medicine technology,nuclear-medicine-technology,specialization
Nuclear Power Technology,nuclear power technology,nuclear-power-technology,specialization
Nuclear Science and Engineering,nuclear science and engineering,nuclear-science-and-engineering,specialization
Nursing,nursing,nursing,specialization
Nutrition and Dietetics,nutrition and dietetics,nutrition-and-dietetics,specialization
Nutrition and Food Processing,nutrition and food processing,nutrition-and-food-processing,specialization
Obstetrics and Gynaecology,obstetrics and gynaecology,obstetrics-and-gynaecology,specialization
Obstetrics and Gynecological Nursing,obstetrics and gynecological nursing,obstetrics-and-gynecological-nursing,specialization
Occupational Therapy,occupational therapy,occupational-therapy,specialization
Oceanography,oceanography,oceanography,specialization
Oil and Gas Informatics,oil and gas informatics,oil-and-gas-informatics,specialization
Olericulture,olericulture,olericulture,specialization
Operation Research and Computer Applications,operation research and computer applications,operation-research-and-computer-applications,specialization
Operational Research,operational research,operational-research,specialization
Operations,operations,operations,specialization
Ophthalmology,ophthalmology,ophthalmology,specialization
Optics and Optoelectronics,optics and optoelectronics,optics-and-optoelectronics,specialization
Optometry,optometry,optometry,specialization
Orthopedics,orthopedics,orthopedics,specialization
Osteopathy,osteopathy,osteopathy,specialization
Packaging Technology,packaging technology,packaging-technology,specialization
Paediatric Nursing,paediatric nursing,paediatric-nursing,specialization
Paediatrics,paediatrics,paediatrics,specialization
Paint Technology,paint technology,paint-technology,specialization
Painting,painting,painting,specialization
Palliative Medicine,palliative medicine,palliative-medicine,specialization
Pathology,pathology,pathology,specialization
Pediatrics,pediatrics,pediatrics,specialization
Personal and Environmental Hygiene,personal and environmental hygiene,personal-and-environmental-hygiene,specialization
Personal Hygiene,personal hygiene,personal-hygiene,specialization
Petrochemical Engineering,petrochemical engineering,petrochemical-engineering,specialization
Petroleum Engineering,petroleum engineering,petroleum-engineering,specialization
Petroleum Geology,petroleum geology,petroleum-geology,specialization
Petroleum Technology,petroleum technology,petroleum-technology,specialization
Pharmaceutical Chemistry,pharmaceutical chemistry,pharmaceutical-chemistry,specialization
Pharmaceutical Engineering,pharmaceutical engineering,pharmaceutical-engineering,specialization
Pharmaceutical Technology,pharmaceutical technology,pharmaceutical-technology,specialization
Pharmacology,pharmacology,pharmacology,specialization
Pharmacy,pharmacy,pharmacy,specialization
Philosophy,philosophy,philosophy,specialization
Photography,photography,photography,specialization
Photonics,photonics,photonics,specialization
Physical Medicine and Rehabilitation,physical medicine and rehabilitation,physical-medicine-and-rehabilitation,specialization
Physical Oceanography,physical oceanography,physical-oceanography,specialization
Physical Sciences,physical sciences,physical-sciences,specialization
Physics,physics,physics,specialization
Physiology,physiology,physiology,specialization
Phytomedical Science and Technology,phytomedical science and technology,phytomedical-science-and-technology,specialization
Plant Biochemistry,plant biochemistry,plant-biochemistry,specialization
Plant Biology and Plant Biotechnology,plant biology and plant biotechnology,plant-biology-and-plant-biotechnology,specialization
Plant Pathology,plant pathology,plant-pathology,specialization
Plant Science,plant science,plant-science,specialization
Plastic Arts,plastic arts,plastic-arts,specialization
Plastic Technology,plastic technology,plastic-technology,specialization
Political Science,political science,political-science,specialization
Politics,politics,politics,specialization
Pollution Control,pollution control,pollution-control,specialization
Polymer Engineering,polymer engineering,polymer-engineering,specialization
Polymer Science,polymer science,polymer-science,specialization
Polymer Technology,polymer technology,polymer-technology,specialization
Population and Climate Change,population and climate change,population-and-climate-change,specialization
Post Harvest Technology,post harvest technology,post-harvest-technology,specialization
Pottery and Ceramics,pottery and ceramics,pottery-and-ceramics,specialization
Poultry Production,poultry production,poultry-production,specialization
Power Electronics and Drives,power electronics and drives,power-electronics-and-drives,specialization
Power System Engineering,power system engineering,power-system-engineering,specialization
Printing Technology,printing technology,printing-technology,specialization
Printmaking,printmaking,printmaking,specialization
Process Control and Instrumentation,process control and instrumentation,process-control-and-instrumentation,specialization
Product Design and Development,product design and development,product-design-and-development,specialization
Production Engineering,production engineering,production-engineering,specialization
Professional Ethics,professional ethics,professional-ethics,specialization
Property Law,property law,property-law,specialization
Prosthodontics,prosthodontics,prosthodontics,specialization
Psychiatric Nursing,psychiatric nursing,psychiatric-nursing,specialization
Psychiatry,psychiatry,psychiatry,specialization
Psychological Counselling,psychological counselling,psychological-counselling,specialization
Psychology,psychology,psychology,specialization
Public Administration,public administration,public-administration,specialization
Public Health,public health,public-health,specialization
Public Policy,public policy,public-policy,specialization
Pulmonary Medicine,pulmonary medicine,pulmonary-medicine,specialization
Punjabi,punjabi,punjabi,specialization
Radiodiagnosis,radiodiagnosis,radiodiagnosis,specialization
Radiotherapy,radiotherapy,radiotherapy,specialization
Regenerative Medicine,regenerative medicine,regenerative-medicine,specialization
Regional Planning,regional planning,regional-planning,specialization
Remote Sensing and GIS,remote sensing and gis,remote-sensing-and-gis,specialization
Renewable Energy,renewable energy,renewable-energy,specialization
Resource Management,resource management,resource-management,specialization
Respiratory Medicine,respiratory medicine,respiratory-medicine,specialization
Respiratory Therapy,respiratory therapy,respiratory-therapy,specialization
Retail,retail,retail,specialization
Rheumatology,rheumatology,rheumatology,specialization
Robotics Engineering,robotics engineering,robotics-engineering,specialization
Rubber Technology,rubber technology,rubber-technology,specialization
Rural Development,rural development,rural-development,specialization
Rural Health,rural health,rural-health,specialization
Rural Studies,rural studies,rural-studies,specialization
Safety and Fire Engineering,safety and fire engineering,safety-and-fire-engineering,specialization
Sanskrit,sanskrit,sanskrit,specialization
Science and Technology Communication,science and technology communication,science-and-technology-communication,specialization
Sculpture,sculpture,sculpture,specialization
Seed Science and Technology,seed science and technology,seed-science-and-technology,specialization
Sericulture,sericulture,sericulture,specialization
Service Industry Management,service industry management,service-industry-management,specialization
Signal Processing,signal processing,signal-processing,specialization
Silk Technology,silk technology,silk-technology,specialization
Social Entrepreneurship,social entrepreneurship,social-entrepreneurship,specialization
Social Work,social work,social-work,specialization
Sociology,sociology,sociology,specialization
Software Engineering,software engineering,software-engineering,specialization
Software System,software system,software-system,specialization
Soil and Water Conservation,soil and water conservation,soil-and-water-conservation,specialization
Space Technology,space technology,space-technology,specialization
Speech Language Pathology,speech language pathology,speech-language-pathology,specialization
Sports Management,sports management,sports-management,specialization
Sports Medicine,sports medicine,sports-medicine,specialization
Sports Science,sports science,sports-science,specialization
Statistics,statistics,statistics,specialization
Stem Cell and Tissue Engineering,stem cell and tissue engineering,stem-cell-and-tissue-engineering,specialization
Strategic Human Resources,strategic human resources,strategic-human-resources,specialization
Strategic Operations Management,strategic operations management,strategic-operations-management,specialization
Sugar Technology,sugar technology,sugar-technology,specialization
Supply Chain Management,supply chain management,supply-chain-management,specialization
Surgery,surgery,surgery,specialization
Sustainable Architecture,sustainable architecture,sustainable-architecture,specialization
Sustainable Development,sustainable development,sustainable-development,specialization
System Administration and Networking,system administration and networking,system-administration-and-networking,specialization
Tamil,tamil,tamil,specialization
Taxation,taxation,taxation,specialization
Telecommunication Engineering,telecommunication engineering,telecommunication-engineering,specialization
Telugu,telugu,telugu,specialization
Textile Design,textile design,textile-design,specialization
Textile Engineering,textile engineering,textile-engineering,specialization
Thermal Power Engineering,thermal power engineering,thermal-power-engineering,specialization
Town and Country Planning,town and country planning,town-and-country-planning,specialization
Toxicology,toxicology,toxicology,specialization
Transportation Engineering,transportation engineering,transportation-engineering,specialization
Transportation Management,transportation management,transportation-management,specialization
Traumatology and Surgery,traumatology and surgery,traumatology-and-surgery,specialization
Travel and Tourism,travel and tourism,travel-and-tourism,specialization
Tropical Medicine,tropical medicine,tropical-medicine,specialization
Unani,unani,unani,specialization
Urban and Regional Planning,urban and regional planning,urban-and-regional-planning,specialization
Urban Design,urban design,urban-design,specialization
Urdu,urdu,urdu,specialization
Veterinary Medicine,veterinary medicine,veterinary-medicine,specialization
Veterinary Microbiology,veterinary microbiology,veterinary-microbiology,specialization
Veterinary Pharmacology and Toxicology,veterinary pharmacology and toxicology,veterinary-pharmacology-and-toxicology,specialization
Veterinary Physiology,veterinary physiology,veterinary-physiology,specialization
Veterinary Public Health,veterinary public health,veterinary-public-health,specialization
Virology,virology,virology,specialization
Visual Communication,visual communication,visual-communication,specialization
VLSI System Design,vlsi system design,vlsi-system-design,specialization
Water Management,water management,water-management,specialization
Water Resources Engineering,water resources engineering,water-resources-engineering,specialization
Wildlife Sciences,wildlife sciences,wildlife-sciences,specialization
Wood Science and Technology,wood science and technology,wood-science-and-technology,specialization
Yoga and Management,yoga and management,yoga-and-management,specialization
Zoology,zoology,zoology,specialization